"","y","x_1","x_2","x_3","x_4_f","x_5","x_6","x_7","x_8","x_9","x_10","x_11","x_12","x_13","x_14","x_15","x_16","x_17"
"1",42.502005540701,21.3480299101876,24.7642017069938,19496.8135709241,"4",82.2663004480167,73.3831705777979,1.74065504185089,3.04249804412949,"c",-0.479240724445258,9.82413561424334,30.2294463320986,-11.1524692966153,-4.21322868356201,53.1153249236631,-52.6937606898914,1.13194199012045
"2",30.5429322793974,16.8500729298036,19.8100297911225,7758.76293933402,"3",67.5496969920629,49.8162354860512,2.3475341484938,2.87510442494899,"b",-7.45267963342643,19.3207194282745,9.15666188653248,-4.78294546306114,-9.04271408152941,48.0165339518633,-47.420812624257,6.0646300651891
"3",31.3534853999863,24.3432991382613,26.0601820702623,13556.1926492245,"2",96.7498548409424,71.1506201531596,70.6277261188516,3.15216535953414,"a",6.40351931206743,25.0660679971185,26.7802798087813,-14.6398285196968,5.41461158297636,50.1173891182243,-50.8111097331014,-11.2073119054816
"4",14.0597357346202,28.6359775855762,32.3568889940325,19172.9764762801,"3",117.542753466554,88.6509017884591,4.24911500878851,3.45086633783473,"b",-3.6326224005837,15.0533266450308,32.2199598994082,-18.830669135769,-9.46444480743934,47.882600898023,-46.6830754229406,2.6531791899313
"5",56.9050415883848,20.1209382088386,22.2794522164165,12449.7495626311,"1",81.1530880422214,57.6876219876538,81.1049129966503,2.64267867260986,"b",26.5356834697452,752.352889706886,34.4212251706004,-8.01959992055223,27.439743166669,46.5180567933079,-42.8593998075683,-26.936586322663
"6",11.7500537718274,21.8401258849626,24.269787528123,29210.5919942575,"4",89.1873506632042,64.4729642465895,4.71277589927481,2.90040991977696,"a",6.75432900481786,35.8688221047077,34.7510408598883,-14.4027077022473,6.73795560607307,52.5944166724582,-51.4768645433583,-7.6499914071239
"7",28.4927385009198,13.4539785089574,15.9813695281889,2173.2136461298,"2",53.7811883233593,35.5209713763789,36.3677263536043,2.71800514754681,"b",6.58973413827587,33.5471361062127,8.95543217200096,-4.24052968207369,8.78854985218604,50.5106036366055,-49.643847814862,-4.61415405847509
"8",33.9562734651229,23.693109653557,25.6316096644727,10604.3146300618,"2",95.3128903079106,69.8751224701417,69.6240236618188,3.12126497102425,"b",-3.70660171287424,3.06630602353331,16.8292931270361,-12.826515265684,-4.78725381979001,41.7177703608086,-39.5339184824853,6.78203831081872
"9",60.1637385475449,20.224364936875,23.3243472589127,15213.6572235131,"1",79.7576516790644,62.1811972615209,79.7879311840084,2.8647721483708,"b",-4.4633251701026,32.6593856865705,20.3657675168156,-9.65682001174314,-4.23866550113562,55.4851639177802,-50.5399119265247,4.78256390817835
"10",25.7871781913952,14.758013999394,16.973288903129,10339.0043015395,"4",54.9060778218241,46.02481276765,4.68474632553782,2.44921539693055,"c",1.52975109814714,1.80180094351393,6.96554627530977,-9.22966180619541,-0.607718856210042,55.9916126913578,-52.8485742393494,2.07009683565013
"11",36.9180124814748,28.6392554522287,29.8497360920025,34318.0359187533,"1",117.055660667188,84.1224470415882,118.104205269698,3.31822198097135,"b",-2.2879749435403,11.3985296909867,25.3820747187875,-17.1117156697191,1.32473263149977,47.9774226008283,-47.1877267684887,7.87827171542108
"12",23.578351913379,14.1070013048876,15.7028784610996,3438.57260864809,"3",56.3142533976237,41.7290062578678,1.70595157312843,2.48368872610031,"a",12.154207902013,86.6063598266901,13.8426106650546,-3.18133520150639,11.1704850433714,46.2402403677462,-45.5836206486183,-11.0798504041279
"13",34.0742633322607,23.2660335554845,27.0661443830381,13720.4001665916,"3",92.0406379364204,71.1213515353658,2.02435109839473,2.93244751942387,"a",20.2856230307392,596.512339896679,39.0722619218696,-12.8508271860741,14.6921266216975,59.9176148441591,-62.620120233277,-18.4374513598019
"14",-1.84312245807218,18.1571675414818,21.4740031767046,8212.34108567981,"4",74.7693158028074,54.2610500734487,3.05549012189817,3.0529992498738,"a",-10.7059415500074,69.5129775663295,16.6904335425175,-8.01329164042502,-11.2829195470639,53.1396887244031,-54.7117928446508,12.6351210985738
"15",13.3364576931363,17.0022267822761,18.8410461417265,3857.57271896954,"3",69.0674721231263,43.1145535934857,3.3639320694657,2.5760171189236,"a",6.04596824863269,26.2033968059587,25.5776884378346,-7.97927659217748,6.08549169017042,53.265116181831,-51.6309262189536,-5.1961831737354
"16",13.1757980952588,20.2730258272868,23.6944732314421,9764.7531634493,"1",81.2208640902555,62.6660493354885,79.0614589028798,2.8228600203529,"c",-5.00648016493815,3.13468741255871,18.0742290987849,-11.1674225671163,-6.31385268129969,40.5393070489891,-39.4111828830807,9.04097217003704
"17",38.2448051259684,28.5383871272468,30.9566964034207,25453.9894537308,"3",113.033894677301,89.0432276095667,4.12049732881062,3.52672645263881,"c",-3.15823281483792,25.9793445725272,28.0484199702253,-17.2161345530382,-7.68137962138444,49.0693121379759,-51.3785461091423,0.879184193807647
"18",32.718033942941,14.5281351221085,18.2933249535679,11135.2623288511,"1",60.1376681499902,42.8071817596921,61.1383616400835,2.75737123375248,"c",0.0278307911470267,0.011408950651995,16.2943550164805,-7.50378439319824,-0.110930014092642,44.2796956929838,-46.3946879978279,4.54386256597252
"19",37.5694447171264,18.553590877518,21.0412248001525,10389.5751754932,"4",71.4879073534035,54.9082639458575,2.54555290941718,3.07670234606674,"b",20.3738113731373,408.348268434084,18.0830346326828,-4.06340456555264,16.0307383721381,50.4747154029274,-49.52132481147,-21.6221368863987
"20",38.5258928183372,31.037064804019,33.7687268423174,48030.7110918207,"1",121.107106144709,95.1249513225058,120.75430465143,3.75197631725122,"b",-4.57751613850052,7.39152865817524,25.4361055845454,-21.4950542117291,-3.55452852214488,46.6615836165938,-46.0971510254299,0.404010424916628
"21",10.3108212568458,22.5937450325081,25.0076579679647,9662.85692259002,"3",94.8673473096051,64.2507886024865,1.23866090507465,3.35799626472432,"b",-22.1270605413521,545.806309269468,10.7339361440518,-13.0111590003831,-20.3041241740221,51.5651211263684,-53.3277254846736,25.0950446248429
"22",34.1035651014395,12.9754103207985,17.1651538645864,2192.3404521414,"1",49.3082293624325,29.9464372986215,51.1588646716275,3.12428876369765,"b",-17.3273181143753,219.141144797012,4.12266154323546,4.60055690714586,-13.8584798803858,59.6869320286025,-61.4104575712106,17.7166375703668
"23",64.5272471871956,30.0743224007955,32.4094018300198,32825.5511485686,"1",122.803785293318,85.7165527908081,122.173024055314,3.48711786110051,"c",3.70687963376186,13.5345183012395,39.7869232827117,-24.2001420389625,-3.15362848689998,51.892903257286,-51.2696639567289,-6.3379099648647
"24",8.71588578846054,14.0592083148747,17.0758872756668,4855.74519982527,"4",55.3126983965971,41.950245016641,3.15090905804802,2.52713274369615,"a",8.59446986289926,5.97806827202007,8.44743189486537,-10.6297158942548,9.61183011224607,49.6966490035289,-51.372083052704,-8.97413282876181
"25",20.8485846649186,20.9519040379407,23.8447024261806,9788.89029568876,"3",84.7353286228477,62.3045566339012,4.13298299606604,2.91215318802133,"a",10.5166588936587,61.116349187566,26.149956325028,-12.518075245396,9.21223447233332,49.0440555165737,-46.2664447464758,-6.79874801228121
"26",26.3873763734846,14.1513204497272,16.5121390352806,2599.22359628469,"3",60.1724376221112,38.9057098431121,3.96258208411409,2.8098956239455,"c",5.08050984412425,26.0558632405738,20.5680046651397,-4.40318493747846,5.4873152278902,47.263197200748,-49.0369260541967,1.68546849420564
"27",31.3797780637205,19.8095922027782,24.3459918607658,4414.76655767566,"4",80.1715859524697,57.8978348077106,2.61207453535968,2.92350279367278,"c",-12.6462042550199,249.746683151598,14.8702992594914,-12.1609275439778,-19.6780204350443,38.8605109822921,-38.1474962768394,13.5520047791794
"28",36.6830206956046,31.7710213048846,36.0858038286267,30282.2501877123,"2",128.540840373466,89.9469808311847,88.4836866623308,3.5775088952773,"a",14.4163632263049,197.881704392676,42.472132199242,-20.5787261702204,19.217425834369,51.5489582956271,-55.6499784979211,-16.4715408451805
"29",13.5676160616598,26.9671312968659,30.3110022199833,17881.6672185839,"2",111.742063028665,82.4941549188756,82.1753822943307,3.6218596186927,"a",0.531507771645048,2.84483781318913,25.0622060475944,-16.6398057408575,8.73352084000367,65.6312936596999,-62.9185395383724,-3.32472971766052
"30",18.5222711420214,17.1983382061091,21.0152560382792,12938.061802462,"4",71.8413798074219,44.3056505724608,4.10073404708224,2.76364633083809,"a",15.7152617955355,359.084910089669,18.5900057358888,-3.77315971169956,22.6074147559833,49.7853231247829,-51.5620802729638,-13.023804384512
"31",25.4749956245958,16.6427030821461,20.7380317635309,4257.97630632214,"1",64.0454346314887,55.9900591642617,63.5573093411958,2.79560115971656,"b",19.5717445386642,260.62759774985,25.1941346315418,-6.83025381714122,20.1812518218095,45.6497487373978,-44.2305715766842,-18.5467883886549
"32",11.9939430101099,22.4621927736547,26.5809458625629,15326.5866926638,"3",91.2307321760426,68.2272697459077,3.59704960937109,2.99045119071637,"b",1.48916639555146,0.35410801413374,36.6480096264497,-13.1264049573396,10.3597279726829,52.1597815583083,-49.4846332023557,0.0423431852729945
"33",31.28849273127,14.1030474191197,15.5698506158219,5479.39677116902,"2",54.1218351172835,43.8384339937805,41.2361467487316,2.69882959948476,"c",-2.99987928802168,10.763179935459,15.8278689587318,-1.32759351144825,-7.64246912644549,51.7545345317261,-50.3892179094434,1.55141030196021
"34",8.47231027671311,14.706412740442,18.1837780299111,4317.90879200796,"2",62.956828881627,39.0494060001323,36.7069872828144,2.72789659616589,"b",-3.64724782913042,25.8860787607654,12.5227306295013,-3.7170144566755,0.508017726374577,47.5646510247428,-46.5459130384722,4.47945965330688
"35",15.0835595331607,25.6895130650006,29.7360045279163,12013.5081298925,"2",100.668215015532,76.2557505497993,76.3671821268581,3.46658053158792,"a",-1.35218979421683,0.00569813177990827,25.9384317845264,-19.0594934472988,-11.445949586195,53.8480705502021,-54.0956460954659,4.1376292006866
"36",31.6102393422706,19.1986735754952,23.2298936477534,12624.5630803466,"3",80.3411570387667,60.905751961404,3.02030570402362,2.82963484270528,"b",-1.13159731046511,9.62592303126418,23.17571235265,-8.91945919816516,-5.19900480984452,39.659206434942,-41.7393141221891,3.92628897912823
"37",30.665713169736,23.1524656332497,27.509144225242,22807.0239276152,"2",92.9556476554487,69.3918306349494,70.1099549565959,2.79822535154411,"a",-0.0399530401706512,4.67320591125802,20.3921408050992,-18.5351456204894,-0.51054693261961,57.77162706854,-55.0391295684119,2.48711692544093
"38",30.7746615681882,28.0847985119727,32.1626614819975,23129.6989976865,"4",112.253023739016,81.5502240974852,1.66365263320482,3.36624550420642,"b",-4.45612616079207,9.11580709964326,36.47881560693,-17.7903960830527,-16.9004682141227,55.0202718029656,-52.6239657973351,11.4929068595703
"39",12.6811534226734,19.0325008574062,21.3888099915422,8841.58236279553,"1",79.106085216093,53.8910710756457,80.255999377748,3.0370984843406,"a",-7.17687769325936,58.886408257842,17.309892903177,-10.3347268216911,-5.2273498926005,57.6782817215676,-60.9075172616509,7.43057192833373
"40",32.018846633078,11.9610407872964,16.019158061,2648.18802189267,"2",42.9538918712563,33.9337321442131,34.3246601656465,2.40345866122643,"b",-8.39398648053944,11.657156955041,15.4666500438344,1.65821144789679,-18.2011351112059,47.7413699110262,-47.4787822728601,5.39535860405348
"41",44.1346627023521,15.5741793614902,19.8917944628977,6654.50574064224,"2",58.8910203164633,45.136754179303,46.1631167459805,2.7699510399304,"c",17.1170514668189,184.558628965058,21.9302177607096,-5.78966629065192,19.4237518522526,48.8975577085748,-49.7222990577717,-14.7097807552613
"42",21.9639124850471,17.8383285052037,20.8246104518295,8914.80104779092,"1",69.572866986613,50.79086501918,68.8057239266354,2.94573954336717,"a",7.18355304101912,48.2341059821795,27.4737126344993,-7.13018818977508,8.13906825721655,54.2923332903167,-55.4631058803603,-11.1994862415979
"43",46.360800258736,17.8918807030298,20.3580779264762,5229.3607434974,"1",73.5153502445862,57.6353394245414,73.1567172988855,2.8362777260336,"c",25.3884358231226,650.494764489421,31.4372085417719,-6.65806330918076,25.1062278920386,45.5487906689394,-42.3938689296758,-21.1159656373316
"44",13.0754397218197,19.1475296840239,21.5319877215141,260.855428562171,"4",81.0074146403924,55.6162773980954,3.49249763344295,3.06402665641616,"a",-2.54830357857358,0.502271920818784,24.2178824894145,-6.76408345380219,-2.02313582676446,57.4037477082368,-54.803772387639,1.72860348602529
"45",21.5497157314214,21.2290546861317,24.9306384936443,5837.9940406171,"1",81.8906728265992,61.4437109817006,82.0198043960159,3.15531170959101,"a",-16.7894304192393,274.500312962656,20.1242441465883,-12.9331769131909,-18.1373004147653,44.3740918036536,-43.68657390481,18.4647594496953
"46",7.83096040215205,16.2712610757482,18.5805703170985,7307.06174721351,"1",63.8143319687847,49.4469132532171,64.2683283155891,2.72044907372891,"a",-22.1067410922076,516.347211355763,1.8136950314573,-5.83523277156252,-20.185545944753,44.1356612314338,-44.9650028589977,22.1944698310878
"47",42.5454284841912,18.630279333698,20.606140982764,10543.1333954523,"1",72.3731768068318,53.1707844163729,72.1599230629851,2.97249059834422,"c",-4.88121167103207,29.1274035520206,25.7123622769829,-8.10610112499911,-3.79850977415276,45.5922430972847,-48.1402784339292,3.3394572238547
"48",20.3490875828859,29.1228947032731,32.1602604006055,22663.9256673242,"3",116.011975948683,90.9389683255569,2.24477471953385,3.08786881609108,"b",-10.8990785629498,93.1763485873493,28.4298583938387,-17.2075910023765,-11.623084361436,54.4900101175467,-56.9241332546948,8.9522859786822
"49",31.6690229891692,20.071168699258,23.1936836722501,9158.6069372038,"1",80.6712923757758,53.3576298998888,80.8571598511959,3.08701175677248,"b",-12.9595294851814,160.532909287516,15.7986122411537,-8.56399783269043,-13.7557494217513,44.8071021604759,-45.3792329121711,16.520915306094
"50",1.0446241766339,20.9402137172625,23.1886626083271,12570.4332489774,"1",83.0912129819264,66.6103236810081,83.2415288177469,3.26339095463471,"a",-24.8181241941526,697.166937269465,10.1855125815883,-14.0698187227666,-17.9021268537406,43.1134275014858,-44.3009138360372,28.1384234322695
"51",42.3094581489476,19.7293315486314,22.6273213510435,7157.7872705767,"2",80.2612833081286,59.1573434655629,59.7409862542337,3.13610789656275,"b",3.55703493966495,13.8537700296209,32.1487546169698,-10.3862843790523,-2.20706695818645,50.5743384745785,-50.010371801982,3.37736255773288
"52",34.4349309021786,22.3080583512792,24.8622647876759,4691.03497733006,"1",91.5206686903722,66.2265390279135,90.6908075089765,3.00673258647477,"a",8.81147646879761,88.1056808945802,23.3564876437314,-12.3025953225716,11.0670389149108,49.9440743253652,-50.3024326677521,-8.11472818289661
"53",35.9182241893584,17.0161485230414,20.3974804571296,5457.11518879374,"1",70.4950164474968,54.1125399207034,68.9395226518159,2.85908283312629,"c",2.82181213376421,0.624523355993858,18.5147569478044,-6.82074265258147,6.14845373443278,38.4893590078614,-36.5674166171111,1.06408403727932
"54",29.7054330052467,26.3162911798404,29.5442593278103,22411.6166067522,"2",106.625143246459,84.4829927248076,84.3642026964758,3.33875786879076,"a",-10.6548507463423,97.1490440654674,24.5031002637655,-15.4377429225896,-14.6012904509452,56.1116301643563,-57.8224404522358,10.1261190145416
"55",27.254301341612,14.2733548133376,18.0030873785944,6963.80086987805,"4",56.3356823396349,43.5720940511716,4.63383897095468,2.79178372839679,"c",-14.5211149630256,354.476233172513,6.21726324013919,-2.83414038264531,-14.2385958005837,45.1811825384259,-45.9876517049122,15.5305916291618
"56",16.397765735814,25.4231177796745,30.4836256070174,19504.7586638864,"3",100.329534423574,80.3845927984063,3.72701291619293,3.37233495733293,"b",-14.0852676038142,271.644121239728,17.5266957056189,-18.6817167024127,-13.3816778720186,47.9292242977725,-49.1400190080876,8.64084478587909
"57",32.5905182858532,12.3550234315578,13.9401250073339,4537.63435349179,"1",49.4080269020653,36.6015630251951,49.9537376998456,2.40446519820351,"c",2.90142165193406,16.2386679003513,11.5811064626234,-1.21561006778174,0.0394936725813966,50.0145517297088,-51.430216293287,-5.38181908073584
"58",8.17615568676603,12.1312905857756,14.4477952097708,1362.28663368768,"2",46.5674191947494,34.5635852428433,35.2183495335957,2.29777889203811,"a",-7.5168305586045,51.6555398836912,12.407531153621,-3.3586710724813,-8.92874622822811,47.9716063564539,-46.9355950014318,6.36849590311046
"59",30.2756406843565,19.4295368477754,22.9934701903719,18224.570018813,"1",80.5481104774881,54.9250874430537,81.3223854697643,2.99308746305186,"b",4.52623746623371,21.8512708172953,19.4504803236595,-11.3893809211342,10.6941768403835,45.4348266352359,-44.1144218400128,-8.91331231214811
"60",50.1323573255512,20.5560458992567,23.3542524689239,23868.1187705241,"2",79.5518843710313,62.2781002497011,61.4309742500002,2.95630696935993,"c",1.48817497353484,3.72948458637721,18.3153647096522,-10.323314606768,-2.46289211762953,53.8635856388753,-53.1118120209711,-3.28716465025916
"61",48.1876531655206,21.0706881020566,22.411885860051,8347.1384377702,"1",83.9808837927946,68.3452330111957,82.8174333422275,3.29665892892283,"c",3.7202199046453,4.6948795972827,24.7575071962587,-12.3828388749223,10.3628054309739,51.3670718369047,-52.3672846258669,-5.40674805782614
"62",36.9341194643741,22.7688791252084,25.5498088094963,28087.2630873858,"2",91.2708100586519,66.3060993271065,65.3615927065727,3.18872125984338,"c",-3.04686154183321,36.8755331164396,32.002129162823,-10.8150797500449,0.0232449677822029,57.49699318009,-58.6065690095903,3.8811756946094
"63",36.2600579615357,14.7024024069245,18.6401435988222,10214.770266036,"3",57.123896675041,45.6793639354298,3.89900191343569,2.87920725530874,"b",2.82183495066246,10.417092595546,17.6152210164077,-2.8567446496599,-3.963601637769,41.737552553491,-37.5943879569408,-5.4198871907935
"64",16.4025208573043,11.9497533687428,15.5375906718585,4318.04994658108,"1",50.8301903387451,38.0093236404533,49.1151825740458,2.60606301488021,"a",-14.1939093186126,116.530489094871,-2.2177898898666,0.51273039788914,-11.3728709132397,46.67469912101,-51.8620486822972,13.7434399877592
"65",20.1282235510074,18.309244686827,21.2193283063965,5491.32573539775,"3",72.4971547838479,59.2971145839557,2.94677541348763,2.88561725215011,"b",8.97466389446697,118.341562687307,33.9720294620829,-10.7628357880184,4.64567845098283,43.3550566698428,-42.8835522931366,-7.79241559495044
"66",21.4379359006846,21.0246887671312,20.9849483096733,13233.7691990392,"4",84.9868725585244,65.2665998777118,4.09911388555536,3.32807552245404,"a",-0.578114790792199,0.221016941545476,24.9866456013206,-12.3410770196076,-2.5292576060466,48.4466876346797,-50.6893976619712,5.58946843206772
"67",32.9576993500588,18.8782748036441,21.320035091107,13791.7223645036,"1",73.9613630218549,54.0725345330428,72.1401927721034,2.8898719384631,"a",-2.07273581438255,0.00104237537874978,16.5087767325653,-10.5785007729778,-0.998891022514787,56.1429207414538,-55.7076375040969,2.75216608294345
"68",26.6814803644281,15.4519514799058,17.1227596068883,671.720546779585,"4",64.3117330785744,47.2626890352424,1.5477737982471,2.68849700768871,"a",-10.0249113210417,44.0271288188094,14.6231442746394,-3.99124028319522,-11.4101765812663,47.0302306827067,-46.4769377977242,10.7955440479759
"69",41.9841938403353,15.9594505787598,19.8957117044325,4672.18821268642,"2",64.4342624684597,45.703175473906,47.2340987295618,2.85736365360808,"b",17.957278247716,272.688190882369,27.8876800136814,-7.1534119989608,25.5704378677053,54.3519207133932,-58.4065621264681,-18.2606257497784
"70",28.9291256224303,22.765417570711,25.7050664594588,10407.3035959988,"1",94.8993135665519,72.8158881638622,95.8725545898388,2.87625444226245,"b",6.97386518136938,38.2656147253897,25.190552806083,-13.7534087971697,-1.42515203119163,56.4100099162186,-58.1236931927309,-5.9489759782585
"71",29.4946991588526,18.0541103369841,23.1575672051632,11181.6667633906,"2",74.0284634098286,60.0225312214234,60.5564429036953,2.86929780728823,"b",11.5847988376595,63.826981931332,26.6103355797611,-8.3062395879144,13.8931869053247,52.5873485787818,-54.3143936706552,-16.0454854686529
"72",24.8277786674047,17.763771807028,20.0632659164864,5302.36219560361,"4",73.1647124164149,54.4965768594994,2.3867042172017,2.69993698027183,"a",13.3761412345653,200.004896087267,20.2740613089496,-3.72932649658036,12.8197801047449,49.0192422035614,-48.7304976675339,-16.6538160094311
"73",21.5018945720461,19.894305774155,21.9294034756122,7205.80313377731,"4",80.7104197865403,57.4128494994926,1.79550694336434,3.02230962806106,"b",4.07800918001054,28.1319792638621,10.9028958649373,-11.3721274487847,-1.74178370247049,45.9031859124665,-43.6239019992604,-4.60872212162266
"74",37.4240769714987,17.0029127243764,20.2393450900097,9746.19359561338,"1",69.1483287087935,48.170700418878,67.5560500130821,2.87489622186964,"a",0.382257316310571,6.42992707887121,11.6624938701682,-2.90560621731465,0.0956103710672237,46.3638924770245,-44.3687496049296,-2.83570517459141
"75",24.6861257154378,18.4456690522296,22.5035648043025,8217.72663879287,"2",73.7718679365905,53.410059183967,53.8288006120937,2.98714932383876,"b",5.22343223707072,32.1731611111173,25.8684429782787,-6.51554943889142,3.60983916052752,45.2568265654287,-48.1782020952051,-6.4097060047155
"76",30.1702927364154,16.5918376555723,18.8560140692395,8703.57058331502,"1",66.4401897282617,52.2947894783414,64.698341714785,2.7706814832153,"a",4.48417775219691,27.1710679879664,16.8787525951735,-6.24086374593186,5.59686572173807,49.4328686621079,-48.9411230821708,-5.51556498004423
"77",23.8992587423206,18.989721382436,22.852089565609,6515.06457171145,"2",81.4209902465556,57.5859488423915,58.2640919572066,2.98806458496411,"a",-6.13657291390106,52.6532821841614,14.5099877226738,-7.17444479576271,-4.73737344139838,61.406056176452,-62.5112468367925,11.1139601257656
"78",30.5103155685258,25.5840016462029,28.1021231629546,23550.496240633,"1",101.709487813224,75.0142355169511,102.74999787373,3.45562703224038,"c",-15.2330807922341,188.263293690613,14.8415292158033,-14.6118133471273,-14.036940076417,53.2226747986329,-52.3427399087561,13.4618546898995
"79",60.8362338814096,24.1299960633538,28.3090171667267,16757.2273576653,"1",98.5906093168303,73.4459570136053,97.0993547767357,3.0636943457646,"c",-8.50120708831251,109.656430131874,18.7670784532017,-11.8239924467828,-6.99415296842967,54.3386250011116,-52.9477207722706,9.75240784169029
"80",45.8516011639818,26.2545948990646,29.0441023140399,10242.4781650198,"3",111.829163579158,80.7432482841205,2.94127616591956,3.32568353940357,"b",14.1164655715005,199.852398344346,27.1246387243156,-13.7258520852472,7.38537812666617,54.6177432003912,-56.0372674207144,-13.6063248537334
"81",54.1511893068434,33.0404904749034,35.9997186685827,46217.2111544953,"3",132.348801610926,101.456909080591,3.57685148436477,3.404414827551,"c",7.15952185026541,44.8409791948351,34.3273775833828,-21.9702299554753,13.3631907880373,50.8636690222556,-48.081345490813,-4.6761077791324
"82",18.7630323828641,19.7448001940225,21.2074914135192,12604.575603907,"2",77.9673083881444,62.6474622133864,62.4489566878702,2.82666788563481,"a",-0.522435941597637,5.83207253459708,19.6895113204623,-10.3656185207683,7.47391650640492,55.3800875954307,-56.8962592859926,4.35481246257497
"83",23.6477107473773,31.1359709716886,32.8524709355593,44677.5161925199,"1",125.898454799508,95.9876637242889,125.174228985911,3.26770959058941,"a",3.53040448172754,38.0099508720578,36.9909279431558,-18.4471556561719,4.72294617509865,39.5287017314519,-39.5487613812303,-5.56586604369569
"84",20.4386728413936,19.9306393809225,22.9942886761607,10830.2214300012,"3",80.6698667645307,57.5061248205966,0.687160877394635,2.91792974314894,"c",-5.9623401578892,4.91530510573574,22.134575329377,-10.3511521306364,-8.16077875049328,44.0015697047217,-43.4240059268413,3.79298777339918
"85",39.7289721401198,12.2630015161951,14.373992087379,4732.25290311928,"2",49.3472141471786,35.2067101846535,35.8735398820763,2.67961288620762,"c",13.7626569963764,169.283986323997,24.9434464721193,-2.47264511516445,16.9491727794992,47.9823949202866,-48.2644880487175,-12.1642045401092
"86",21.4557450452883,13.1005544542151,16.0830977531094,788.135313922298,"3",53.3124006120405,36.9217651355389,3.13162590584726,2.31149513239553,"b",-14.257229448729,136.463998505673,5.83509830396314,1.1762224846473,-10.3203841477548,50.4715617997319,-51.0788026842158,11.2796679443409
"87",13.3612610294939,27.3993537041912,32.3023488686301,33120.9198304799,"4",112.243251435523,76.6701345555094,3.22879296868354,3.21289734605788,"b",-17.9573126160962,285.294099542646,6.01205135411905,-20.8947715155027,-14.868921094123,51.5125484020949,-51.2823029378484,19.7617222342091
"88",27.5060186946289,18.7253902783056,19.5186276548993,9841.4288018602,"2",76.3001046863305,53.1242358050051,53.0141681857992,2.85089608072576,"b",6.64419197185155,52.7685481909879,28.0065097233309,-11.7087890786546,5.78258119551733,44.4827388532374,-48.5974771625897,-12.183631124991
"89",40.4871376316347,18.3685980992704,21.6703536624441,7418.12335386214,"1",69.2655241064456,50.8454149533672,68.1684894393071,3.12836568829605,"b",16.9851868923784,445.646685737924,26.6962876759759,-11.4473207077081,11.0147265225713,48.3071699805175,-48.8565492502798,-17.4767898295804
"90",36.5486279614322,16.3668066715386,19.5554860552337,3910.79335486033,"2",64.057165348565,54.1916001301044,54.5574915073354,2.98462971382266,"c",-4.99140844399405,68.4464463028763,17.3659983951044,-5.54211614622919,-7.82966327334112,61.8089103551965,-63.539406153396,4.45468930664767
"91",48.6486424153245,10.2382567502401,11.6753669509455,3102.89359499417,"1",40.0348753394401,28.7636388844992,40.7946743023042,2.13564605644648,"b",-7.08428388666479,88.4024196361089,13.1061274761856,-2.28844925225272,-12.8634222580409,46.9131687052743,-45.7077222481866,11.3224437621017
"92",20.789699228124,22.1147002088444,26.4533434489589,10994.4264843781,"1",84.1928810203675,67.9126573545215,83.5211262848881,2.92035202963785,"a",7.40247062100461,42.3620761219252,23.0115911104354,-15.0583571471331,4.70185479066491,61.8812038035547,-62.0190417927908,-9.2451781729585
"93",20.69948208768,25.9084239287659,28.2233326470833,13869.9035236967,"2",105.024696950419,80.3568261135945,81.3529816456459,3.2532681109386,"b",2.79338722054686,0.432034540244205,29.8493385392318,-17.0573653870101,1.75041286844669,49.039145576746,-50.2973097222861,3.9414587215627
"94",21.2825609132098,24.5897968863808,27.3936747660205,28063.8880957723,"3",94.2852851274649,75.0429547977617,4.70272790977822,3.27499623723942,"c",5.46283609416379,1.61177833483057,32.1497209111589,-12.7399550117869,16.4019727669728,53.5826803623158,-50.0688886938964,-9.58846885704828
"95",41.1965769639855,20.4773377344261,21.9901052201318,21117.0804604717,"1",80.1285581706121,62.4389127464979,80.3479768416289,3.13792680522232,"b",4.69970822417242,13.4830130381399,17.9002749821548,-12.1215450697963,0.116714674604413,51.2546620937799,-52.6881908934554,-2.80598396612169
"96",27.6882484227347,11.5778410662812,12.6837186586651,1148.38640995457,"2",49.1954104706966,31.923315931055,31.0240874715441,2.44592062842246,"a",14.5828607796709,281.254643082622,18.644950417557,-3.20453130248083,12.2425283453297,39.0620788624713,-39.1971007226885,-15.2175229571512
"97",26.0637811884617,24.9516467530306,29.3429755235614,20530.5328031813,"1",102.847449276681,71.3791112804537,102.01170573491,3.30580486197582,"a",-13.7679976146042,155.76672870077,21.3382663337921,-14.7126999368636,-15.0011829088772,53.844333365981,-55.5645308587199,14.8573216918303
"98",33.5951484773784,16.4608410903569,21.0692021030943,4231.24227210349,"2",61.5191358772672,49.0567878081676,51.0347491043184,2.78817674731186,"c",2.03026851059296,0.734205211488144,19.4659005841776,-5.94518887197691,0.888931177308186,51.9248297650258,-54.0253419470773,-2.46456839189866
"99",1.97042427914987,17.0298541534295,21.0920576865096,8647.78741572534,"4",66.3218264602605,44.6206143861464,4.51304221071653,2.67123666369604,"a",-19.9326997402917,490.492725260444,6.33739861439262,-5.71257728314166,-19.0384339888317,60.198746401399,-60.2058071433729,22.2262225278653
"100",32.3404557669472,14.6705148330464,17.8174743037348,5943.98005902867,"1",62.1771597955462,44.8714187463569,62.0525182194821,2.63916949044877,"b",10.2133048109599,123.135412653034,11.8022338849757,-6.33462625615327,4.49996683560125,51.6655473716177,-52.1033291630007,-15.7124389530154
"101",24.1292393296187,15.2961648336205,17.8686192834373,6322.836585694,"1",60.7971582561506,42.3030645488726,61.6968005459154,2.7117597478863,"c",-5.7850888347362,16.57207781258,8.30016738503504,-6.91132305633824,-2.94170725904381,50.5499222950861,-52.5798636578709,3.81452869332879
"102",39.7029172009275,20.4695521384989,22.8257731167993,6597.68979172679,"3",82.410946365308,61.6321113897747,3.79755727542239,2.82585835724435,"b",-14.4194931019488,235.397328539602,14.3131333038577,-8.93526144388274,-12.4072490811834,56.8083149294353,-56.2127838279711,11.5323641974788
"103",33.7055944665384,20.3312669185475,23.6032179734197,14336.9159737178,"3",77.1888337581394,61.2658665319164,4.57307969884415,2.86571563244651,"b",-2.14022030061195,4.45340873954586,19.8292439730606,-11.0176169484147,0.149480463849582,53.6990579529463,-55.1838693377287,0.767334999581607
"104",26.9083916627932,15.0467193847362,17.250641375652,5334.79854564008,"4",60.0041878119871,45.3746758300374,2.94684782582369,2.59682291074379,"a",7.23958196452692,33.761598493936,16.1118535629382,-6.75569214759173,11.6316444769377,57.1252653433014,-58.4565643611164,-7.45524079018217
"105",42.2383424504101,19.6394250685404,21.9854957243789,15440.3461840943,"1",78.7158724450403,55.7878904108366,80.5482585612323,2.95135886639698,"c",21.1605286153486,520.980488224548,29.9950153420018,-10.1183026771218,25.4037571967009,50.0524919579889,-49.7822925105736,-19.6865565559741
"106",27.9659192528064,18.8837158153968,21.4825340327567,9236.34313068712,"1",77.0130238567092,59.4417182811216,76.5492963406195,3.18361774862718,"b",8.17588965869708,120.172235516715,27.3638053578793,-10.7941082667122,9.37834464073541,59.0629920733836,-60.1847364810581,-9.22048242308349
"107",36.8398954334769,19.2861172146703,22.8124796537183,16555.0162983878,"2",77.6251480313077,57.9972942183983,56.8462681968711,2.69361401694451,"c",4.75465128749697,54.331889537112,26.9263583258029,-9.46982865236525,1.58911310746597,42.2992835738497,-43.607391501913,-3.17033528580102
"108",26.531133417396,22.6770324372245,26.8335901908313,27327.8135364852,"1",91.4351594126778,67.1230128241816,91.3685225006156,3.0378439164528,"a",5.57262436671514,14.1544518484918,32.4253739427932,-14.5599462771356,10.4972119072933,59.9904719149091,-59.4077443577902,-6.50912175712094
"109",58.7827294508439,18.1272150093481,19.3123693632443,7369.23190936885,"2",78.2018970158485,58.0476045589761,58.3467093511019,2.90934153125891,"c",11.592976841802,202.361719697469,21.1287656674904,-9.16740468239101,1.12235856426785,49.4579943603488,-46.9417601128727,-14.5005535398775
"110",38.3489186328313,15.4091886440059,19.4197155197273,7586.64186462821,"3",59.1809384899917,48.8289139077683,1.76123701955885,2.63711274873271,"b",5.69266990466078,45.8625364095214,19.9039207959623,-3.92617985642851,-1.35422957024707,42.893396671949,-41.0363705173941,-13.2591688245381
"111",43.3471067820126,16.7938882675278,19.0975902944358,4808.32632587543,"1",65.8173254262115,51.4714539168691,64.9960714387661,2.71638809012836,"b",5.8713005976556,77.0956290536024,16.9952814009047,-2.43015362496324,4.15794504677063,44.5697027320547,-43.6135860570626,-6.49069756401743
"112",22.4219264644641,15.7354351314335,18.5096058849468,2728.19330040648,"4",60.4431178197963,47.6178462630778,2.70288151652936,2.681629518984,"b",-2.44134433049589,3.59472539602809,11.2855402426567,-4.72601376011271,1.12170840412436,48.4654281772513,-51.5795902217576,4.68138116284622
"113",25.019229586462,11.9246824371071,16.8814606833448,2418.06957033878,"1",45.8181921289065,34.0944853845634,44.9331793370626,2.57083841538465,"c",-1.58474519932768,0.311273192585857,12.9634632467134,-2.83972703768087,-2.38615400586933,60.3232133214887,-62.9263933282053,2.68362805956769
"114",36.7351590864212,25.5324523992497,29.008442290415,13141.6354379072,"3",103.721339063116,74.9908651009244,4.04414266729854,3.49036724571616,"c",-3.66963918962081,9.97245220659274,20.9944471099964,-9.81714153271397,-7.17325503056041,39.0276397765108,-39.2264629856825,-1.64823684143863
"115",27.7274705676726,17.8355198451041,20.0114801744037,9116.79466136423,"2",72.0793824969377,56.4181600875485,54.6195429360396,2.81991697197447,"c",-10.9136733333264,127.900372601177,12.597848774661,-10.3563464964456,-6.81234129957838,40.6906672171954,-43.3982044869441,7.11244439756032
"116",46.9724192305475,23.0155200061131,25.9031649741168,16796.8109826194,"3",92.6357792577259,67.6305281214751,3.10627061257679,2.59032481699965,"c",-4.48541315011402,37.3791558470818,19.8348534077014,-13.4761980464011,-6.89313238391796,49.3216199917947,-46.7569843177287,2.1335384575469
"117",34.8225762172911,20.2098184429308,22.8538215519646,13799.697704374,"2",84.6578649749339,61.3443750900062,60.5908996062213,3.08546528028712,"a",8.24777221548565,47.9310656649965,22.7471395341669,-9.98712470698824,5.70414980924173,52.8467474192371,-52.2725513719887,-6.98710014205126
"118",29.2498855239181,22.9306490146687,26.0740721609504,14373.2972428338,"4",91.8551689516851,68.5754180341707,3.20921590801087,3.13753385870155,"c",15.9867960402758,229.981431662275,31.1397124823955,-15.2176246663738,12.3069065780023,48.6418131907155,-47.2304472149219,-17.9997677306931
"119",34.1021907591445,14.8244917403098,16.362062843627,4838.03729347421,"3",61.5088994576128,43.6180393664202,2.90027596127966,2.76562695754841,"c",-3.02404113161382,2.42318047301588,19.486070770582,-3.00681555515439,3.05680230039396,67.4805349458364,-67.8118081687263,5.43175847059906
"120",20.9877416752096,24.140960119509,28.3034821326399,21283.1176505929,"4",98.8179884873006,79.8688360603273,0.0382283138832746,3.06701910154854,"a",-1.89820339953364,0.867981057802228,20.1468362602254,-13.9189803559725,-8.08571943360157,52.913324548551,-50.7218131307715,-1.79515417028746
"121",24.027863734381,18.2148329456636,20.8645221604261,6150.49832617893,"2",74.6342712187499,58.0006724976516,56.4838917308032,2.83436134580246,"c",1.6866441338704,27.2377715814963,20.6899340363299,-9.99411346916892,2.98235367404976,57.707657227782,-52.8351858113716,-1.5080523835534
"122",37.4116972423207,20.9373289167964,25.3216784450583,8676.49300028485,"2",83.847161755114,65.809708482241,67.2491949052191,2.97309480158186,"c",1.98825745382531,6.28648419257408,29.8078491122283,-8.41554249669706,6.59743636855114,56.7289543100692,-58.0044678626506,2.85676402274305
"123",39.0083453644889,18.9424286191889,23.5472654668378,15179.5683110203,"3",75.4509646608426,59.8252700291912,2.47652777672367,3.05206051423754,"c",3.43419517476754,2.23932321554046,20.193050977799,-9.62839727543609,3.04235046094174,38.3627793968626,-36.7856656934241,-4.16659000319989
"124",25.6503985934111,17.9085145304243,19.9158180867337,5425.62480710858,"4",74.0201157253087,56.9244412728852,4.55636471511182,2.67618555905668,"c",7.35068086385165,15.3743869086078,26.5851133853204,-11.5683896416765,9.42248690720452,44.2476977408382,-44.1880829447413,-2.7602319308984
"125",26.957330080749,16.2553043165078,18.4111219225697,9061.40543966671,"4",65.0130598391095,48.6047829527036,4.16293796840331,2.59363327256436,"b",4.3853178576886,46.3281435890377,24.7399909823374,-8.17099084374269,0.943719851490517,49.073881978495,-46.4954506040804,-1.4299344811882
"126",21.0024772730266,19.1697952438193,22.8516250774164,8248.53842910462,"2",76.6851745051376,57.2551596361186,57.0204244758378,3.12348333348979,"a",0.643007681120374,0.00761968983906678,26.1356983721075,-8.30584963381638,4.42813313046463,57.2484518996558,-54.416837475999,0.0241045788038161
"127",36.7681157322903,8.01277152579669,12.1923467314112,85.6532387647291,"1",32.9847985038975,23.4898642728772,33.9331251398585,1.87691872567669,"c",-2.4814751932598,40.4960888060846,11.1848704710799,0.0347344733530655,3.98202584892855,50.2616429627839,-54.5533844654853,0.0856240230228154
"128",40.7861044763662,24.4162948018225,27.7039520127381,20348.8405725735,"2",102.274999069496,74.6181282541726,74.4192703793842,3.32849533263991,"b",10.7197696363895,72.2263959081447,29.293446299768,-15.467659830677,9.17293320177906,46.6647295239237,-48.827546246492,-16.9469949743247
"129",-2.09102131575784,18.7294772114501,21.708875148005,14611.7108919488,"4",77.0251443569678,57.0050204842581,3.93744289068427,2.98904898536687,"a",0.295747955276182,9.68942899735505,24.3641933570128,-9.04901945061878,-1.69792829803758,60.8187224309024,-61.7096655939842,0.500327592251345
"130",42.8509424713932,11.7531715419983,14.6815919256345,1680.21547979829,"1",48.9137921165864,33.9499145329566,48.3689794914283,2.37214447964153,"b",11.4154069943307,211.185254256707,18.746397694863,-3.02114511452121,9.32604626010142,50.9137193557561,-49.0689368922433,-10.696592157995
"131",37.3262665786258,20.8316949012174,24.2181116097001,4854.00596960816,"1",84.0515451214131,59.5680755609755,84.2569617150593,3.04492017627935,"c",-4.99716940283294,24.7934436700112,9.21577825595215,-9.43851951153358,-1.77115548053875,55.9069403784285,-55.2895757655418,6.07993580602773
"132",36.2454655983447,24.6204480114543,28.1879922054825,32082.1173681423,"3",96.5782432064714,71.3937875490118,3.193201797289,3.16350739345943,"b",2.01294901667105,0.296787057783172,29.6167181207746,-12.5149202451074,2.2428957802521,51.3521312415777,-52.6966206624362,-3.85585337274567
"133",25.203605690481,15.1996777283167,18.0585594972639,6101.59052711461,"2",60.9622140773526,42.7104524639765,43.3274541422171,2.75544078669121,"a",3.20863097531348,29.8380317143798,17.9165912289156,-5.84825688637829,1.90598213640373,48.0213472795137,-45.0029907500432,-6.25298905416247
"134",17.2996434006232,22.4005308137494,23.8931556365912,8318.52922177295,"3",88.9075463816969,65.5486603461332,3.20809354929881,3.30527887157166,"c",3.21122601325005,10.1801367126373,23.6961555436162,-12.3285186347825,3.26960482606568,44.4740965459681,-44.133430382543,-1.8393445214295
"135",17.5197717025645,25.6377442196066,30.0904329349256,17512.859549044,"3",101.208971654892,81.0044169652204,4.70778055713114,3.27203014011357,"a",4.22557598206965,52.111931420466,31.0015345304982,-17.7892152529888,-1.56422645029397,46.0596153141865,-47.2151862664016,-3.92887300629985
"136",40.1281172370737,23.3406267385491,26.0269813491793,17240.9837418466,"4",93.452210234432,70.2993298441869,3.28947852225975,3.33942143428386,"b",-7.75678644995853,12.648093442712,17.6346412297999,-10.9714661800077,-6.78423699236948,50.1780946273793,-51.4137199145613,12.2544511641166
"137",53.4168001345015,26.7848847464173,28.6145923815167,24716.6799727829,"1",105.306813373121,79.7406180989773,105.144964918817,3.46556627552587,"b",-2.14462003981396,16.8246632399485,23.6332655107736,-13.9501086204256,1.65353009212638,43.0821134249788,-43.5321229229767,-1.53554741149796
"138",19.4870528025225,25.1146009692625,29.5472318300967,39485.2030145892,"3",99.522930698781,70.1829908665624,3.40934511664699,3.16273524027128,"b",-14.4488875214041,191.8944674306,9.27609687447286,-18.1106033155034,-10.3617091918443,55.9382483042024,-55.7843577930338,7.58293642999168
"139",35.1867286921449,19.891477475709,23.30351016922,12962.2285210833,"2",80.3949086849708,62.4259381125907,64.2990115518286,2.95067326844234,"b",12.6227616694746,192.184665434377,33.7193009585337,-9.91634680367006,11.2993657496048,57.3621817849554,-59.3598374546386,-15.2370260216813
"140",35.0084266535816,12.5318267467259,15.9150820778547,1413.00761666743,"4",52.7256624428019,39.1908371389205,2.63918673593554,2.36569225796784,"b",6.6029715131632,55.7872416968311,14.3617912306623,-0.423678288455736,6.65150679228477,53.0585018639025,-55.0098124588474,-2.67862893697743
"141",41.4929412390991,15.02737030202,16.3006946128971,4700.56757202916,"2",59.3642310530007,46.5294672987556,46.51779937759,2.74920753353691,"c",18.3057403165242,295.636414799577,37.7529382928881,-5.66704746636239,23.6260632563565,50.2483313349517,-48.0201449856956,-16.4371877233908
"142",33.2544942299586,22.9394467636644,26.5807332973304,15174.9704299859,"2",90.9973936537683,66.0260402912214,67.2751421370681,3.10628044872468,"a",-4.24268544316535,21.0118286492589,21.5945413799144,-10.6308813876113,-1.61605133833316,51.3933445531948,-50.8789001091987,4.89448470525438
"143",-4.21412445139447,23.9454642418803,27.6834593660154,20522.2136459283,"4",94.2265761559013,69.5019336386747,2.44826832891281,3.23003462296173,"a",-6.14769051455802,44.994996145163,15.0376932895045,-16.7444937398197,-7.03271096557924,47.0818763695123,-49.0236443551012,8.25266224037753
"144",27.618981361973,26.6177372941259,30.5512850543157,16874.5259986053,"3",99.8331916718603,79.5028639051542,2.61829895264582,3.40817435012396,"b",6.81363588897756,21.1490217473092,29.7618609642926,-17.877781971662,10.9425472264071,40.0358130435818,-38.0588030767786,-5.33192553334045
"145",45.6324268416379,23.5861058036564,28.4820991422564,19424.687199549,"2",93.8395885877393,70.8273575073175,69.9077756832607,2.9934112600276,"c",4.40795290551834,40.7950579640983,22.0617418613694,-15.3372516642611,-2.49443563286793,43.7227644427276,-44.3328169138067,-6.8411488637377
"146",32.3900852019522,13.0964305513699,16.6331053738422,6963.4201726189,"1",52.2512181431255,39.3221901589598,52.7409571587503,2.80350574649107,"b",13.4085100242023,221.39065522108,15.4399304407743,1.7329454026784,15.3555936494098,37.9374345623445,-38.0504058578916,-15.1805925785987
"147",48.3550844135738,20.514382487778,23.6836461559887,15014.9244794251,"1",78.3410002354017,64.9561587195081,77.3184647227569,3.1217869507398,"c",-0.431476896272991,0.0369486802639592,24.0365968250362,-10.576657899059,6.43650257320199,54.6815313750268,-57.3948596617836,2.63691387709708
"148",5.53888848526749,11.0047822042291,14.0961902547704,1963.07280760147,"1",43.3066297111186,31.7234008147023,42.9992644651835,2.50258692566742,"a",-24.419928697038,646.029011874158,-2.91835852108874,-2.02061918835396,-23.3432694466989,48.1268855786421,-45.187598936831,25.1094846790787
"149",21.4356616116564,24.8650785945774,28.4436116056288,37529.9256980652,"2",101.575348887438,73.9797022844883,74.5310486227381,3.54375504404154,"a",2.5722319044685,4.63626353990184,31.1245490797646,-14.8037503596295,1.18117366735139,58.5450023923655,-57.3972099597233,-2.44209231721909
"150",29.2884341812968,21.0824287574282,23.4209073876553,16539.8423434481,"3",81.2155517507813,67.9414743255357,3.64153657432204,3.04900129284391,"c",3.56332162659989,9.77500132609754,18.2866799220446,-12.1605874885907,4.38410033891698,48.9141021204627,-48.734268526945,-2.41566959243736
"151",30.4661100555579,22.6255746015669,25.9003389295442,16324.7227789453,"1",86.3578152956496,66.0921274735001,86.8493044851852,3.3925165087342,"b",-4.41533989661402,44.6602529781126,19.691127861858,-14.7025693291611,1.30220259510143,53.2922127956384,-51.1356734575178,7.14767083394956
"152",42.7543372645833,17.2833733252427,19.253373248443,5602.56255215072,"1",67.3653562476899,50.6088290807949,68.6652445069942,2.95797409728195,"c",9.54200221055673,86.4555433660015,31.9009539229033,-5.95223052373579,5.24289167553022,39.6430974909847,-36.2217619073865,-15.3463730140985
"153",23.6741141352192,11.4149045478549,15.3241284910578,1404.95596203669,"1",46.66130391668,35.4212326621481,48.1243412091097,2.3376193241296,"a",11.0250369739834,193.544842634363,19.1179100534815,0.0603438694481451,9.71216793513677,53.9439660177786,-53.3222510972576,-9.18097323275453
"154",32.1574306715687,25.1505831236943,26.9214308815319,16614.4362001745,"1",98.6168015366574,71.7548016442187,96.9630993217368,3.0908426269927,"b",-2.69238448138835,1.02545724491019,26.7725906994945,-16.193597280187,0.863257397686459,49.3930914202514,-51.6204326953457,6.29550158833089
"155",33.0708657222488,14.2644058175083,18.0378850049026,6943.27807263195,"2",59.5829706879723,48.1787624965848,47.3451417296639,2.51360614835415,"c",7.65683520295046,68.459159644683,21.2561074591918,-3.42398340369808,10.109137690806,51.2829714748078,-49.5778260901852,-11.2570252824951
"156",39.8003649832743,18.6693523958148,22.1356069398047,10120.2626541313,"4",74.066259137055,59.9059346661329,3.25674131318581,2.86648676394512,"b",1.96840227598651,1.17599236275816,25.0568984995166,-9.59902292789704,4.91144106793353,57.7157913613947,-57.8897061074716,-6.43041995944965
"157",40.8978843808125,14.1637919357658,17.0435525463304,4019.63684015858,"2",56.6944860565198,38.1843116872441,35.9522075244212,2.6779355612425,"b",2.76410262848839,3.70086149572227,12.2279591014323,-4.17210498925219,-1.18668486229627,61.6302954748053,-62.0071414612797,-5.28003793822119
"158",36.3032411892924,18.9395876666749,19.615182049215,15968.7612186664,"2",78.8287094609229,54.6663967393923,54.1761724998966,3.09184915862267,"a",-10.0904722453657,57.8183876262284,12.9069462391934,-9.73923307910118,-13.6347871965983,50.0441051081065,-53.3976267650194,13.1612813560046
"159",25.2066730837508,11.3909273325991,13.2913353154836,2169.10247352571,"4",42.3809513263753,32.7219600311104,0.629559171500931,2.69913365949798,"b",3.42775403920362,19.2338291317206,19.2604980298485,0.441232627718733,-2.90603045540683,55.1511367088299,-54.1143307386022,-1.77115463023639
"160",33.9366740534338,12.8086267506647,15.50996547095,4150.63349015409,"4",48.8974951813147,37.6646637606668,5.02668486887148,2.43679985599683,"b",11.7658548170472,173.121163011163,20.1368093908025,-4.02582519514868,14.5414697781583,44.5218335758604,-44.4740564073933,-11.3204412289286
"161",46.7555507626797,24.1727989405784,27.1396632461269,21442.5544806854,"3",95.3062413706734,72.5760478328834,1.50149119747341,3.14016113083269,"c",12.4685797355782,145.749254732896,33.2738529467396,-13.3138000604676,8.56079053824384,43.6563975861749,-40.2399982293193,-17.0997146774001
"162",36.9782202922849,22.3637932589067,24.6626947884975,10507.8112756926,"3",88.7669564780175,66.9570873241521,2.73296505644665,3.18450895235392,"c",3.75630343253211,49.106035275527,23.3359710067275,-10.7697672255466,11.7096970614708,56.2665804316735,-54.1710211438306,-4.67209114712749
"163",55.1797924564757,22.1565380296865,24.9140102280859,18967.590396491,"1",87.0165475068921,65.8706054725353,85.9203350919011,2.9050004477462,"c",20.0638101587074,298.795739777586,33.3281235583964,-12.798840399958,21.4138986424492,49.4347766135578,-48.2332403102834,-20.182340365961
"164",21.7705369236413,22.3573045470275,25.1693955171488,13219.6748408578,"1",88.4224568426403,72.006832912034,88.1330537401038,3.21335940351518,"a",2.37762689289254,7.01987921772711,17.4995578982725,-16.2724716723418,4.17047126849164,47.2317081134515,-46.3950422549912,-2.54410593286946
"165",18.9059015612111,28.6844534206913,30.3774952189148,35889.9752691846,"4",113.788096999164,87.8685053837724,2.76412183881273,3.3508798622924,"a",-8.928308413434,80.5169392105932,29.9561663585021,-18.4659778353412,-7.07604248820581,59.2199566201098,-58.8139337472991,4.8021576994652
"166",51.4749089022921,24.5241330030332,28.9642436659964,10215.7820638693,"1",98.3749107751646,76.6553370139279,98.3618843618886,3.17846536253081,"b",11.153532035196,130.344265898634,28.5217673752131,-13.1076498549416,14.8799048281227,50.5600454791905,-50.9130667066467,-8.05674765605088
"167",20.7555692749112,21.4516587127922,24.3444222145247,10131.7460824268,"4",82.3029997335539,66.4875963690076,3.51046569050228,3.13205995140119,"b",-0.701352894573128,0.00176087875306241,17.857890538823,-17.310405018348,-0.354844715040872,54.6071505905519,-55.8845263606818,5.33204729087151
"168",28.8321925556468,15.6305164428305,18.5308882673572,4158.84832500569,"1",65.0752039995174,57.0279034436232,65.5080654361406,2.72716765682205,"c",0.175776203952546,12.8463564657978,15.6803437531062,-8.27972659349051,4.79679762662603,51.6129525439285,-50.5842509788295,-3.13297938276295
"169",39.5467905697665,16.4125675386246,19.0193418911708,6645.65316691866,"3",64.9925083772123,47.0582104135643,3.64078433309597,2.60561935185833,"c",-4.14528961071141,7.78297170783281,20.31759146831,-6.7708157164878,-10.5276622233471,45.3987166506111,-46.0570659096194,4.03972968485939
"170",13.6096957822127,19.1116530201966,22.8432516045407,5780.78202851622,"2",74.4659075644722,56.8086437497817,57.2992645170477,2.84791449714704,"b",-13.714076141028,231.102512308684,21.2029649799202,-11.9463892778381,-22.7877074086743,51.7461334213897,-53.1051543907227,13.77405510438
"171",36.5351840558587,25.1700855986874,29.1995332853526,21981.8927728417,"2",99.0215631611148,72.6896849894927,72.4464290136961,3.41970867567825,"c",-3.44214425742074,13.6161966752712,27.3392914189462,-15.981478601312,-3.80122262227459,44.9297225551407,-45.3107455333105,2.36657515604659
"172",14.3828524753764,10.4603006807716,13.9275177631423,2986.50626379539,"1",42.6755850855834,27.525900477356,43.5157774181011,2.3628750850129,"b",3.14627964917121,0.671288271309221,3.60522528122242,-1.51182353581819,1.68015988283017,50.2830671716228,-46.6493158834128,-8.30740370922931
"173",23.7877348598201,23.986634817337,27.4160347859332,16133.9973542197,"2",92.3387222321801,69.2373554877348,70.9089936940677,3.11774592264534,"b",-3.27040674695416,17.1573261895747,29.6524223785301,-17.7050115782963,-1.3999383849415,50.3574247514185,-50.3058037105562,3.15286783466209
"174",22.8726000858412,19.5257453135332,22.0102478300637,4276.64357915084,"3",79.4243193976582,59.0880074827266,4.93852107084592,2.91990083758896,"b",0.554841631375608,7.8158767796863,19.922577388006,-10.5867998925161,7.73733994952203,55.0482938073002,-53.9210436375415,0.652554876716534
"175",27.139195361776,21.0280755938287,22.7240868553511,8351.17805292217,"3",85.3496755455134,58.3943142590641,3.68614179107055,3.08133746037199,"a",0.150964865482323,15.6486862824555,13.2414655769283,-13.2501755827348,-2.76018820929076,51.1273255123297,-51.7700586723602,-2.01766143547054
"176",17.5289612972183,24.4194643960834,28.4975810523615,26162.7044455215,"3",96.9689608271534,71.2626588775343,4.5210174303888,3.24794251372788,"a",-0.995536239572111,1.83174795807393,36.5446846860102,-13.6525267528875,1.65001346201549,49.6395529912355,-53.0481362669017,2.21698120942169
"177",24.5263588989529,11.4843390291041,13.1754741138108,5050.13841905836,"1",45.6192878419748,32.611971463064,44.6063912441692,2.45873326545996,"b",-8.06818308527804,74.8478946645186,9.13110734171692,0.280233178600918,-7.11358844828889,44.1559134066714,-43.9835068541615,9.7191274723622
"178",31.8972971808758,20.6788997079401,23.3646043302846,7142.51737978536,"2",79.2463088661112,62.6660953505819,63.5585253897838,2.84222550864617,"c",-4.76954747547267,23.0074640028626,22.9691312154234,-11.8977270048974,-4.83256065840517,48.39588600153,-46.6422392774999,6.76323113861022
"179",50.0781587590661,25.8950105555186,28.9890264233092,21509.24786031,"2",105.071165814259,77.4009905877345,77.6145345317127,3.19238899269382,"c",7.44573206421573,19.0672582807447,33.8037477630785,-14.667045605597,9.91037752340425,50.5881027992421,-51.7477194366274,-5.20670081772956
"180",27.0481458978356,21.9214543707098,25.4854652885701,17248.3395969951,"4",83.9917649645097,66.2051281761387,2.24066698243278,3.16180136729994,"b",4.1879527960106,24.5650890737355,25.2870924648874,-11.5585649578076,0.841340666104217,56.6357192019445,-55.9649785110651,-1.01873690907483
"181",32.2209673673258,20.1786903238739,23.6419305036612,6214.09062521635,"2",81.8166622449281,57.7902859762046,58.0552696516639,3.15564023642286,"b",-12.1706249533951,165.4844892264,12.5346347342075,-13.3028247903731,-12.9159700655957,40.9204638336079,-41.2142835481695,9.47087131299595
"182",6.08209477623986,24.6716778024446,25.8478561245139,16738.251579245,"4",98.5053058752434,74.296638429881,3.17423535532351,3.11921602340129,"b",-13.5864547855223,157.648590814752,17.6537256524425,-17.6816989265825,-17.0703099804584,54.708727753471,-55.5324854530631,12.2484712184712
"183",36.5408323969655,19.4031842596745,22.2933292920147,7196.93050907393,"1",76.4341783129701,56.4295206225527,74.9156091525858,2.86125740298735,"b",28.1400216591191,929.412450011224,29.4352623993351,-11.1177253640587,31.1814287447239,54.6534488339135,-51.388558294177,-26.7651290696199
"184",24.3042627167725,14.3615813416704,19.3061765516447,4631.39579689117,"2",57.7864086387257,43.3032360488425,44.6008219813439,2.77005677345996,"c",-5.48111514054227,38.4681168856359,16.6017408107965,-3.65383794579362,-1.39629030897359,42.8171529738076,-39.5048708569298,4.1843613599431
"185",4.71171256626147,22.0876401298883,24.5804150623824,8863.76097233121,"3",88.0432698891789,67.5793899086235,2.79871947899865,3.17076231116497,"a",-5.1423764952897,102.839321583057,8.41757810462672,-12.6089651967313,-3.18657704834094,55.9384525860839,-53.0421181976848,2.48654932736862
"186",46.4295889804698,20.2573442280992,21.5885005259359,5330.17888559433,"1",83.2658322236461,59.7529167336713,82.696506056708,3.01271841232238,"b",13.3849466632028,206.476379078598,28.8820776624527,-12.8894188435676,12.6611351816159,44.1933347656446,-44.1874792948616,-11.2374132248472
"187",27.6619920936233,19.5609484256343,23.2008800045553,9019.44996401958,"1",77.0773875224009,60.9039525923175,76.0836740896401,3.09009582207547,"a",9.7052607712924,92.6038920889554,23.7032269648613,-11.9769132922177,8.63702660574419,54.0705601807912,-51.3976405893012,-13.7854461113551
"188",22.9082733136047,20.5230106876768,26.076467598143,5660.91451942401,"3",80.1157406442936,62.9794391138054,3.80716554686744,2.8079930845542,"c",2.88039252128356,2.27115277169258,20.13493151651,-9.45265998904452,4.68219450740052,38.7736667590591,-38.8010520412095,-6.34399039012613
"189",6.36007044428386,14.9518458510136,17.4319086746337,4242.7870889149,"2",60.4670500932122,46.9466369159987,45.7460618596015,2.49758780408216,"b",-12.6902293076219,152.186556781054,14.0724004210599,-4.13948124630123,-6.37511964640456,51.4245555479689,-50.9708584967807,13.6357079960984
"190",19.0158403040177,18.5816679621609,20.2103949732089,4024.01811688413,"1",76.0435947735098,58.5182992938885,76.3092006508259,2.97192938416731,"a",-14.7203023442543,408.42896161729,1.61736726655557,-11.4295858809282,-8.97446859555095,44.4535988248125,-47.1161685772232,22.7883818801774
"191",20.260437785117,25.6498005506374,27.973796288005,12482.8410167949,"4",97.672522542829,80.3784201576885,1.09865182530946,3.15262577621563,"a",2.96910909342179,15.5151163028592,32.3074020513453,-16.0094476195002,2.88672705266559,55.983417015855,-56.1442279731883,-2.02432079699101
"192",32.6134341265397,19.7955762903148,23.1689300167462,8534.88068538473,"3",77.408785259666,52.2004868180197,3.73206813101213,2.95495269159371,"a",-0.831872929469485,2.90268200791527,15.8930351121292,-8.81380981063595,-5.1502441793004,45.2590731980902,-47.1152340361391,-0.174509861013005
"193",46.6718203172922,26.6841589434408,29.0149685656799,34840.5544486836,"2",101.491922820052,79.4363690964649,79.213551402851,3.05066196759419,"a",7.93940453231996,23.2139483411988,20.604223292914,-16.4683782846149,3.5167118588276,54.1904600284693,-55.5314829675695,-10.2094218406107
"194",-5.18494107017753,22.0084253930755,24.236228320957,9934.81995725623,"4",88.7206041886478,68.3268906010438,1.68736674712764,3.22519688718044,"a",-10.0054552996502,172.498808541497,17.4976066335734,-13.5057628186942,-4.06974917281546,45.4701498827639,-43.9686642365787,9.95498764374315
"195",19.8773683507667,16.5122397064403,21.0465452769102,3721.11687866023,"4",63.9117695344696,45.6990656912285,3.62362941556523,2.78093851555203,"b",-8.38199256715268,72.5935026137247,12.9560521767041,-7.37931315001829,-11.0082555377666,49.1470822734587,-48.8541535877767,8.0890735723627
"196",30.4913441024354,8.68751138412812,10.0535720349558,737.810546250475,"4",37.4190125825918,26.6059503949628,3.07156450667866,2.15011638310524,"c",11.9110770664151,108.142923230434,17.2323995533773,0.312143944672503,18.5981434492834,51.8517424415661,-52.2438074101107,-11.4774799420725
"197",33.6776328557285,23.9378380774208,28.1271622447272,45312.5877422118,"1",100.594952969014,73.220552782081,101.98945905758,3.12432596356402,"a",-2.22345255502993,10.4410659504181,29.4024103642052,-16.2830832303866,-3.78781622961862,49.0641844470209,-51.6725376806757,3.60992628003203
"198",49.304918637913,17.7426282877495,21.4210412926918,4750.41598407997,"4",69.9785017151212,48.9079618773267,2.90552324917222,3.31764265923097,"b",-4.39893393165674,28.9823995183125,21.7846982554173,-9.43204982786705,-8.53391440082171,51.5709461367468,-51.8538552333813,8.75412592107556
"199",7.54801093121935,17.1947503544799,18.9270186069235,9780.3796141875,"4",71.5277387311438,52.9556305472927,2.49446814257847,2.9307158958517,"a",-7.13496162195916,96.3140321970599,15.2893887922032,-8.36477947486113,-11.5895776157508,52.4592259704771,-54.7870488602209,4.2317306729473
"200",25.4460800153361,23.1155543661165,25.7377050017398,14037.8972712289,"3",92.4968346616343,66.63719064449,3.44990357068704,3.28350353622,"a",15.6259685865901,188.63428071583,25.4821541168223,-11.3673498510059,16.6042328530734,44.3360743251317,-44.0086783623699,-14.8995741041244
"201",20.1546248170407,27.1105689522752,30.5571894569742,36012.8398384647,"4",111.858034045312,82.2813924901939,3.96995715466453,3.3713475180405,"a",-0.609995165541629,0.280215483347246,30.6745677283953,-18.8305063754521,0.895516221651726,49.8003626731132,-51.9830259854695,0.180565497461302
"202",41.6036454917276,16.2077730530522,20.77167047041,6680.6701086779,"3",62.9132920429228,49.1050845459736,2.09452548803259,2.73596320128103,"b",8.09677682827245,65.4568925585514,21.3650035878822,-2.6797470607632,8.40590121886136,46.2504404212719,-47.2561571761695,-7.499349355713
"203",11.9966253896353,19.7232854290058,23.2518015099194,12997.4016007399,"3",80.7982737719412,57.6814547700719,3.92657652813497,3.07380910502666,"b",-0.725479823389553,11.3327611479599,23.909043519936,-8.93998509586296,-6.98408686329271,46.6314730608028,-46.1709520467169,1.64876331921808
"204",51.8268528894316,17.5977066120283,21.7111894160754,7127.74244847145,"1",69.0382491512122,49.3687247258991,69.3014676554884,2.80253880323348,"c",-1.80985672644971,10.6776385274589,12.1402136075194,-4.74885265118191,0.289516373713195,50.3115835723534,-54.0763995239178,4.3015227432908
"205",21.2596687356633,15.397417377562,17.8145142027046,11149.4242088017,"2",61.5128792269786,39.3663886837564,38.3342108975869,2.8186119207667,"c",6.5676375028972,25.789561294953,23.1618823269214,-4.20603369943635,9.1742766656517,45.3585257182732,-46.488957989385,-10.0628310138933
"206",22.9726781705891,16.7618563244426,19.3968853072674,5645.60939627457,"3",68.4433994528536,44.6317580340853,3.42480270885364,2.64375456346384,"b",1.57695482750737,0.0112362196783619,23.7938424368951,-8.07025166667422,-3.21808564630224,40.8903486628891,-39.5359841709553,-3.02818990327853
"207",37.7033592397841,22.5896650902365,25.1430074520577,21808.2764544384,"2",88.0236006039552,68.4606690038486,69.7319002203889,3.1786896753819,"c",-0.379374781827374,2.53165547926282,22.4573937860879,-11.33334423438,-2.28091791096275,46.6080825763803,-49.3455020419817,-4.71581038606445
"208",13.2068321398372,27.3918043056183,30.1174495087369,18789.9537464753,"2",108.651852819402,83.2077923040112,84.0615251596361,3.48449744600454,"a",-11.9111995500846,152.69541267254,22.6734803982351,-17.2536652351797,-15.556337843456,52.5232366708015,-50.4452675690014,12.5009169589966
"209",19.4182537555033,7.71657968402824,10.7121523535585,1334.18258454568,"1",34.0510394204033,19.8779199690423,35.3224920197574,2.11009596291305,"c",-5.696081250927,21.1848274165787,9.68903569213808,1.3536515469026,-7.79180656484588,53.1246563900892,-52.5356870013582,6.07580077913382
"210",13.8239648593928,12.7527400609317,15.5940241767055,744.565621874459,"2",49.669226138214,40.9000609987375,39.7575536273549,2.54376470033143,"b",-13.1827113020483,248.559736479745,7.11653095583138,-4.26852008552099,-13.1953224933633,57.4689998307465,-58.9423049732634,13.5625843624291
"211",19.2401175879751,18.0009764881904,20.1961408065845,5655.81156973051,"1",71.872045006452,54.4777714724364,71.1714722938346,2.92621968271406,"a",-11.4802306823731,162.416231262864,13.9055696672804,-5.64480069089267,-9.33586396467606,53.3342099510746,-54.6754950252109,11.6330820465837
"212",42.8285898735598,22.5836156387958,26.7634110501057,30340.6402845922,"2",92.8148905662467,68.3690162178517,68.59381773548,3.02510356651756,"a",9.64461334541532,62.948878287574,40.6453935029894,-11.6762492928381,9.13109447341588,59.3548850552624,-60.4943573229808,-8.91751888421571
"213",33.9367209577327,18.5373165947206,21.0371828270141,7780.00675918158,"2",76.1159256648954,54.3456985779861,55.5598938277983,2.9641207751808,"a",7.87527464350002,97.9594508537922,18.8384298010982,-8.66604787650166,2.84734550994919,51.6365675919417,-54.0830305493572,-12.3098051691513
"214",12.2128139569834,26.7201823075814,30.4405653772794,45263.5014884309,"4",108.943356328558,79.3210793888997,3.46471814321834,3.36030368910969,"a",1.69615738544952,13.3576534436433,33.0525412053017,-15.1680089632907,6.27616181644779,59.1315167131942,-56.8236197253984,-4.40498971832565
"215",28.691221086072,21.2656466936504,23.9866341021067,16452.2802110149,"2",78.2743842840247,64.3923985802042,65.92764229136,3.12490853937018,"a",-6.90201107980465,49.0389632685369,17.9087853468544,-13.7152574169404,-6.13843697826683,57.393402316453,-58.227845982969,6.59803735012187
"216",34.8436159386267,15.2311480001984,19.6097933481414,4903.39238476361,"4",55.0992938136988,44.4300681312348,1.37538882531229,2.66649138198791,"c",-6.10448070021651,13.5102898781148,10.9183502796747,-3.66295106396977,-12.1679036074131,47.719354371298,-49.1748118302683,2.20960518894265
"217",22.3010736603967,14.9805279332147,16.7138947181044,2472.63507889686,"2",60.2461734362045,46.4170331229414,45.5403382286815,2.56994156725292,"b",-3.28669073143516,15.7597604212604,12.2905697380436,-6.77645217448131,-0.924655939643,37.4190399217102,-33.5937829108849,3.14872222790105
"218",17.9005384455,22.7549868522301,25.9429360850266,21276.5783526749,"2",91.9520575938616,67.9937427046591,67.1321199305354,3.34013503873629,"a",9.90886525566556,42.9884294469807,30.2456920862383,-11.6628803664401,-2.32854189305445,48.8148366655736,-50.3774103670332,-13.1660129427906
"219",28.8008540918501,21.6618437463247,23.3263194383351,10371.4997642915,"4",82.7093456449416,65.3349203717956,4.16270996565633,2.76346690888031,"a",6.70519219448414,54.3199021129806,30.667130642353,-11.6509854589515,-0.0631817873970606,68.7715332808783,-71.2224108642452,-7.20163669539181
"220",23.9226333048013,20.7285141845769,23.2942403946132,14211.5309337583,"3",79.9566144826102,65.1408516587493,3.20992128570102,2.98311619028516,"b",-11.4543293243793,99.2486794142522,22.2666259244519,-9.88572960399724,-11.8525746158424,58.2385918320467,-59.3519821362828,17.5711972111483
"221",6.86363005471813,17.8914940256794,20.8093080279583,15968.8420829099,"4",71.2204474010996,51.7384293170602,3.8245986009054,3.09798457193695,"a",4.00196170374346,23.7937334225608,16.9353093338845,-10.3406676169294,5.31573070047362,54.3915564779396,-58.1027257979311,-7.50939066002149
"222",18.6180211714399,20.0209265480351,22.8659275951794,7734.94505240185,"4",75.205449199832,62.8951229538349,2.32832673084706,3.00232148270223,"b",2.17008474291285,17.1994285339705,13.618702539579,-9.51064097796966,6.20677094020227,53.6745519040688,-52.2737303358219,1.67758229308462
"223",31.3617817711557,16.4830414148013,18.6931936245108,5631.86909011243,"2",66.0655719220707,50.5072827609525,51.5970712256463,2.6835959622513,"c",0.19601701188286,2.04601058905018,19.9681597994398,-6.37573020278067,0.298454445935461,45.980800334346,-46.8138368613931,1.09109463623609
"224",27.1118683000563,27.2439507509714,29.1749068236078,32011.970814163,"1",109.884935742505,80.4571279886943,110.790283845643,3.39143128373288,"a",-4.59984732113419,52.9707868732419,22.9663773830147,-13.9918906805587,-12.7006890944855,52.3569775626628,-54.0927664078962,-2.86930739553964
"225",13.7163426353077,13.3846979554871,15.9061965015355,6658.30430896582,"2",58.091641740114,36.8154187706591,38.1366644677823,2.36383441433697,"a",5.08694091002244,65.5662455629017,17.2462865592275,-5.61530553682745,7.36407324173271,54.625378717315,-52.8940598322564,-13.1730477198891
"226",11.3091905426741,17.6968097287007,21.7769948016971,6082.21699725652,"2",72.8770749447469,54.2573558510782,53.8477945149942,2.96267801288825,"a",3.56569456738255,40.4461415560852,17.2352160746435,-9.76138080667555,8.36441526138734,49.3485863505242,-49.8948014330013,-7.24227214958588
"227",47.3834612870545,17.5366350976388,20.4397587869586,10477.6546921601,"1",68.3921245923331,50.2943365593412,66.9952274728302,2.82486972626691,"b",11.7631485110899,161.725305638985,19.1936825777234,-4.77571200057521,9.62757216578348,51.0923510369079,-54.6225722003371,-13.0787479026644
"228",48.1243035741844,30.1393896074404,32.7306184031731,50215.4950690603,"2",123.490742904325,93.6227270782413,93.4022109219184,3.40562007469745,"b",18.5902937389286,300.925932234145,33.5805160297116,-20.9445942113637,14.1943329470066,59.0771220717733,-58.5225310363886,-24.0683061294388
"229",25.1465961649603,14.5475169487494,16.9985598210519,3982.49405382571,"2",54.2400779719157,44.7456730049121,43.5043631751337,2.77637619532182,"c",-3.20441403623455,1.11488157618404,12.4404099529677,-9.27965936541468,1.88453420147229,50.4119855108697,-52.7231386896718,5.5419183971094
"230",34.933748520961,23.6283510798367,26.3810193343107,9511.69312681648,"1",90.0336716948493,77.3926614527757,91.3437895761763,3.40976617678297,"c",9.97856608517885,94.7238414328326,31.9344774899188,-15.3051077034995,11.1359039729547,54.3778685487352,-56.0607130953021,-10.7225434267506
"231",38.3016536831761,20.2581634269131,22.5028835104943,7831.1666236216,"1",82.0783090935641,59.4858239029532,81.9628168189429,2.99445447970579,"c",0.504635844812269,4.34672780650908,23.1927591031582,-9.14058995723828,1.48616351675049,58.0858846183441,-59.1953590978157,2.31069942265233
"232",14.6808862354178,17.7234318292112,20.8492355871356,7609.491948615,"2",74.6977415718266,53.9918500189299,54.6405419308609,3.09720813604166,"b",-16.4640441923603,360.364023085256,9.59804014695117,-6.95881660519884,-16.2092524189773,47.2833695644125,-46.1765764166841,16.7145341709726
"233",47.6227595086284,22.4325015492062,24.4054820461047,8037.03746278249,"1",89.1251745848702,64.9355410708294,91.1197567552437,3.0964713241791,"c",5.88863556832492,12.5753994920476,25.1673553141168,-11.5015107397596,4.79112639530875,51.5834086228957,-51.7619129776386,-10.6297001506641
"234",14.1208294429685,20.5314767390236,23.163013582887,17062.2275952301,"1",84.9455619766638,59.0422286727446,85.5105014515554,2.84280329102319,"a",-10.3121936214661,148.828211573873,17.1399582664115,-13.0879166720078,-11.040906847758,51.0659398468906,-50.0601065309829,13.714907309883
"235",24.0696910223411,20.1789134530964,24.1206287898427,9148.43194642915,"2",81.0751821499128,62.7813208303927,62.4368318209402,3.04550157864955,"c",-15.499234238008,201.585276206058,7.1706026088366,-9.02618496451247,-15.8927475994294,46.3294466582419,-44.7460595440757,17.3629597630926
"236",19.8372564382626,17.0415333121714,19.3103933885122,6082.71855816372,"1",70.9797883269713,47.1881943781742,71.5954215864669,2.78483243721923,"a",-5.29314920240187,7.20886734304866,10.6793801838086,-5.350178863373,-7.33169169264499,48.8155280750068,-48.4537323520657,2.4585386214852
"237",41.441336536474,24.4933894693607,26.9579459376144,13451.360059836,"2",97.0212918703931,77.5218855979925,77.7399928537856,3.29306442088991,"b",20.7006873339016,543.859551640443,39.6446028791413,-14.361549368355,28.8535965342126,46.4396820058521,-46.3846509775064,-21.3426826803707
"238",42.3261706632356,20.1970015318488,24.6402341574352,11446.6218702277,"2",80.5839636503992,65.194258718323,65.084193696866,2.71690140706966,"c",-4.79388317948476,21.0720469517239,13.9239048647451,-9.01194876402007,-8.89801249898139,54.8955490482739,-55.8769059405123,8.51839224463183
"239",42.9476135307535,19.4620603523123,23.3647476993585,16675.645765665,"4",83.5117025469815,59.9968440726044,2.37479117636325,2.77681996918717,"c",6.99784957366327,26.9337884670932,16.3356855730229,-7.21821084505279,4.08378537186775,41.126551904134,-38.5350113855589,-10.3627447445397
"240",9.39033334643876,25.7248616283841,29.4089951681149,19838.710193824,"2",103.114569275017,76.3598045461917,76.0910291116076,3.50787858050507,"a",-12.6939251534744,199.185884257401,17.2912698019893,-18.0422696348209,-9.40985612166807,51.1362222333836,-54.2369531280617,9.27008845611774
"241",33.050457486447,4.84397562586887,7.23969945573793,122.913140972732,"4",20.4311037852548,11.7006155009967,1.48079611157796,1.86225653461387,"c",21.0113565329107,371.253316605935,20.6357412096429,6.13465220985385,24.760857287994,63.9826648085283,-63.2596935022108,-25.4082248341328
"242",41.4998597249901,20.9213936207206,23.6906270459496,14082.150601376,"2",83.0775910844082,60.6064710532062,61.592525928442,3.38524235448764,"c",-10.3550846615866,93.3297576800869,15.2857754293734,-10.8270576018728,-17.8367452554052,42.0019697247534,-42.7928505659948,13.8932628290414
"243",16.074536723735,18.9186922866875,21.4899645575081,11227.970975275,"3",74.960462287619,52.4264677027219,2.84730654781909,2.91751662071282,"a",6.44711249234579,70.0111756077392,26.9343829865529,-9.82493079577273,7.95139500337366,46.7694718187852,-49.8901110604186,-2.42473713032461
"244",14.4086020934685,25.8245595237687,29.9828721913277,20398.6150542757,"3",100.096715174142,75.6765831150106,4.44743398211185,3.27137534131221,"b",-10.87908831541,91.6575710502823,21.9983154181706,-15.9456185070524,-15.7259699016869,49.0680036017104,-50.2070743322789,11.1998139860907
"245",29.6072120818021,17.7454254584161,19.772742400769,11900.2001102689,"2",66.8883573650591,51.8040363079778,53.5595726805205,2.80573287960946,"c",-0.658066177584993,1.76996791909267,22.1427094130054,-7.01735790108884,-2.3473827787412,52.9510934338188,-50.4158166359984,2.15432149644977
"246",22.2697943741621,18.7304712394858,20.6128495683327,9818.52600352173,"3",76.5742606297153,61.3908185374647,2.91924281025779,2.83233437998412,"b",-5.64577099663515,70.2366929841952,17.2648609313144,-8.02464674811351,-6.60555291144904,53.415765660471,-53.1150624130054,5.94854435507986
"247",30.3403718294227,18.1547552551674,21.1253128559198,7172.62584686559,"1",74.4284409926966,62.1464713945824,73.7816758538399,2.97220782446729,"c",-2.94046049894356,21.6425012882846,18.076744806191,-7.84930567431094,-0.93887907603823,53.1995379185452,-56.5241206921738,6.83120711038057
"248",24.7561311687995,21.8943459967562,24.6884371565766,9551.89760491337,"2",89.9989420885312,71.4643941422422,71.7536703980711,2.81256381738265,"b",-22.1909452086701,522.970484009607,2.22739035401928,-8.14360116962941,-23.4075989388143,61.6333857784015,-63.2379452044169,27.6128388362188
"249",14.9047894444058,12.6052432759252,16.1623983610667,10629.377136837,"2",50.9464588061877,38.1079166457854,37.1027643610534,2.30678152747334,"a",-4.64825835823318,3.82915387835291,8.02495414780941,-2.31734150708578,-6.80103860158102,52.6558684399314,-53.6688126540281,2.80875155118401
"250",32.8604514630439,16.6435122551183,19.1803728290577,5079.90833117583,"3",66.8874003943192,48.4915890049552,3.24078744843615,2.96072030180262,"c",-14.4645423745351,131.239626852237,0.330972160190543,-3.0269227235946,-24.1884149665901,58.3550163992007,-57.8307539219523,14.1764301875725
"251",26.5370490726908,17.1812499508581,19.9120348278612,12809.1123145419,"1",72.0050529563199,53.0273898874318,70.2956372992131,2.79812108964067,"c",-4.61625511497471,7.12266850833956,10.3875087788829,-6.59058260643575,1.47678919614384,49.6766934195376,-45.9869412490204,10.7042209617814
"252",5.75916931311963,11.5714900829702,13.7488831345141,788.522676722024,"2",47.9608728261623,34.4097203032901,34.3951603281194,2.37644044469181,"c",-14.4098336776986,188.268581424817,13.3700282876301,-2.530212181972,-17.5404787398026,49.402241182988,-51.8171863888104,15.3354468455772
"253",32.4675640426482,22.561362960862,24.4386450531021,14143.1185276415,"1",92.6873888894058,74.7080272404528,92.9840401053905,2.75250647032565,"b",-17.0217980328348,246.059653370258,10.6045119977588,-11.2660025859375,-22.5928666182365,39.0115226108103,-38.0194105047817,22.9898635249386
"254",38.9294660116576,18.9118367596032,23.010144674174,7977.26727897129,"1",81.5150311691728,59.6278515933244,80.692802248142,3.08584109442234,"b",4.3894157896382,22.3697610335646,30.5304214474185,-10.9611785013137,7.30701664314263,40.5820048712294,-38.649450283164,-3.02916523573346
"255",32.8226379297402,28.1694242951328,31.3800207371949,18772.2694353865,"1",115.509634698513,80.0176513168999,115.675347927396,3.4460950057626,"b",-3.94979504740644,4.08030093357492,29.8268309321321,-20.6404957399079,3.80348723344339,33.3657430389405,-34.9156545995514,5.55659602040332
"256",18.3026392182602,17.8526092132288,20.6204901018332,8280.75174456378,"4",68.5680771451507,48.657263993965,2.60685436383515,2.98263080542748,"b",-4.98003510998978,27.089901520155,22.3003674059818,-7.36720209913586,-11.2861302380401,57.9305547841331,-61.0033369602831,4.51836564879985
"257",49.7659131845109,28.6173523840784,31.263259017308,30396.3972799727,"4",117.649451443796,81.741145700259,3.63131227380703,3.1150621609344,"b",-1.8181247001578,1.47203456579854,35.7629400075036,-17.1935522368178,-1.57386848043099,48.5695224150524,-49.6401545635554,2.86400572907223
"258",24.8028947123184,30.3408317805084,33.6138017345113,33511.7336434672,"3",123.73763746516,97.4945861349669,4.8802357283396,3.32732792376197,"a",-3.65653892126597,26.5426023632764,24.7417240553049,-16.1528829216291,-6.31225812345805,57.4059421445876,-59.8450014134305,3.10437725521805
"259",36.7463029069139,7.67537051585315,13.4869481398846,4681.56622919136,"1",33.0483842918917,25.1420131354134,32.4493069481461,2.18642929083625,"c",5.27873903666949,29.321858220276,19.1079116017865,4.01929353702924,9.85436768865808,50.5546904189026,-53.6583689966327,-5.00402450597487
"260",29.7831860887947,19.1899841179697,22.5253120998591,9300.91421780783,"2",75.500266223172,52.8053420155737,52.5247922661876,2.83706305817547,"b",-8.20638941161661,33.4243249757519,10.2561182272527,-10.0101548717131,-15.8058995611297,51.8488221424365,-48.7185766644762,8.68232234960868
"261",32.6033165933945,18.8041284874634,21.4217797310779,13213.8541469164,"3",75.562846864295,57.4059572948091,3.63136957476808,2.96320232990406,"c",-1.66462314678942,9.42397713590494,16.8436645167649,-10.6925093436021,0.649661582919829,49.731561022619,-48.5155453915365,3.64933388056765
"262",45.7817584890034,26.0475344026601,26.2919987860807,18745.2903155431,"2",104.564033359118,79.6815975577865,79.4967199801695,3.0880859477338,"c",10.0431308916644,51.5613150298542,31.1949900003314,-16.2129743492754,12.4439107471956,48.5082259683428,-47.1948301998601,-11.4544263963527
"263",27.8021663070701,20.91436723218,23.4546634879214,15286.0870957834,"3",88.1672540017123,58.8383528520297,3.37952233966738,3.06302367338314,"c",2.73169781667455,63.4218195420749,21.6186618197455,-10.8295114095359,1.33604692695884,50.1426677584333,-50.1398501197974,1.72803825517737
"264",24.5510328625889,24.8290881831015,27.5665338058248,20480.4154930417,"1",97.2673089522592,74.3491518298109,97.2632526507103,3.16924773074457,"a",-1.97407282772442,0.955332321800085,29.318499330067,-12.9141707288265,-0.419987270180983,45.0348557485899,-40.5575052396604,1.40781722822662
"265",30.0632671281243,25.5838627018094,28.663618530543,25361.2471138396,"4",106.728478213368,77.5412522323664,1.51573564972221,3.25109342121055,"b",-8.17210956439006,37.5442986459333,15.3925992515899,-14.5615028871305,-11.6033016012017,63.7671335236505,-62.0281432977219,9.56437328540682
"266",7.97180207318673,11.8730722560047,15.9538692440365,1782.47380712599,"3",51.0733870094185,35.9954582661672,2.65458959845401,2.66600537059205,"a",5.16677396155231,11.2657270118883,13.7913119806481,1.02033554140634,9.65369484692887,45.1990844776454,-49.1267951391542,-4.77478291048928
"267",29.0151022055895,16.1303151998346,19.902072967687,5025.36246657737,"1",68.9452342477989,48.5011253415228,69.5229620617449,3.15019771486301,"b",-4.66998488056839,20.4056781075105,12.7031587835145,-4.08730936273681,-6.57669674054594,49.1864126008039,-47.2535294171487,5.96729058844663
"268",35.9788113269583,18.8622680936002,23.0882335744614,11211.6447454842,"3",75.9466899132011,52.9269076186236,2.83219175932486,2.91161204808638,"c",6.0648243102694,39.954058692011,22.2412901674166,-7.76046050594628,3.44080106154344,57.0014354300223,-56.6610815975293,-4.15050822098237
"269",12.3721171003071,21.0837555360085,24.4851867233977,10250.060180289,"3",79.8636355299924,63.7313122708761,2.46349664188405,3.18287475234188,"b",-9.60168899703618,80.2891618125314,17.9757916285608,-13.8910401927216,-9.59218185342238,57.6313401823401,-56.3883163591239,8.98525202884233
"270",25.6363718542392,20.3207498996008,22.9282212459227,21963.6133807806,"3",82.1449275200391,56.7429236713994,3.47352037903349,2.75589325325184,"a",-4.37652887287506,8.15870431119365,21.9463317020317,-10.8507807282597,-4.70445606803396,53.0710650905284,-51.0753007744041,3.12029072178578
"271",37.3138486964974,12.2289695963147,15.3519629956102,1781.21947127247,"4",49.0970113143564,39.1253996487614,3.14755634031236,2.55304804066633,"b",-1.03151243165343,0.599550982005185,9.09139176571215,-3.23814620097184,-4.53842073991866,48.4572805549246,-45.1723472104138,-1.35077910473549
"272",53.1689552730864,27.309976782557,31.0181641608843,33364.7771143781,"2",110.176116845,85.5941362813654,85.9661643281502,3.12893769836657,"b",8.61958019909891,95.4269245744139,40.405633961496,-15.9342133565362,5.78665254196408,47.5070599253306,-47.0109876224652,-6.25651767455236
"273",23.3161876930754,19.9818263218907,22.4436490167861,16880.2124755009,"2",77.6794325527096,60.8062846735012,59.954796254623,2.84201259613033,"a",-3.06950033286508,22.931292770011,13.4502790114738,-10.1536366480722,3.49217882431442,62.0741236394483,-63.0250762606553,4.14381639593851
"274",-3.12917975807862,14.7484137262259,18.2806614001378,2069.79791067381,"4",60.0853129359086,43.0868216941382,3.41563980066899,2.74773705493889,"a",-9.08687294316054,56.3136052918108,6.34893895204778,-7.25576364821626,-6.29553431228087,53.8153115786033,-53.8441842653398,9.12560645321466
"275",27.4269151094468,27.0922605701908,29.0733879518275,17670.2750614464,"3",110.206531686045,76.5805995795202,4.62157138365801,3.495971078745,"b",8.80551748210305,65.9715753320976,41.6715985395957,-17.3893327208622,8.9928017568976,41.8941870242003,-42.4127577349357,-11.5296582487307
"276",24.3398913320504,16.8227801155488,18.8353074537074,7052.81458689697,"2",64.9242418933077,55.8315159144082,55.7726026376122,2.81450827241584,"a",16.9989169103493,377.458683246131,23.4846944822813,-5.44205675398637,15.4712428376927,47.4407034182607,-50.3295034187091,-12.4573565460017
"277",5.12779799480965,28.4729314109594,30.8638511636163,19432.6154349571,"4",113.112852403592,91.7688802407596,3.37166143265943,3.35010372008064,"a",-2.6407948765741,5.49651388124582,26.951324388889,-21.3604050558786,-4.99182024086493,54.2605669638275,-55.1437544158264,1.33349271371455
"278",31.8252428591027,23.8150112766513,28.1256885999143,25894.2899355145,"3",94.7432381757172,67.5284593018172,3.44267593232099,2.96128671243585,"b",-2.40289617498785,11.481785774318,21.451149593455,-12.0152591138876,-0.700261632570522,54.0529752825001,-53.5230229462204,2.02028134398028
"279",0.702332862624893,18.8672091298792,22.0563597590428,6656.82747445897,"3",75.4872477798487,56.2494363597351,4.08926019595224,2.87908553033677,"a",-24.1538024863086,437.911494681278,8.58227741486784,-9.42500266920603,-28.4405937899978,48.8045693410435,-48.8138787066145,25.2051732814287
"280",35.1210620731554,12.3185024709739,14.9736284616571,2645.48118622575,"2",49.3307270626193,31.9909362837448,31.6436681888474,2.52034367645714,"c",3.50902396768155,44.8255327827879,12.3383365952411,-6.98048646441551,7.00322386909153,47.2571027705415,-47.1415647477341,-2.66297351579744
"281",32.9328402656872,23.7408062675648,28.3493262927681,13819.8055406774,"2",92.9169482510401,73.9355963253874,74.2943221066635,2.91089981561559,"c",-12.7274744743571,97.9392807234477,18.4395959113227,-12.2459341083535,-16.1150573159846,55.2117233398094,-53.8080465910544,14.108671151538
"282",29.6239360916787,13.9354250193711,16.5197055394119,6018.06261841205,"2",59.6224953167667,40.131294811394,40.8525419576879,2.72945198300512,"b",-6.30326053311121,59.1873117055918,9.51750876958569,-2.60360023711797,1.1309878469774,60.5123812325052,-61.9277261576066,3.26096449844335
"283",28.3057538153267,25.4891845780995,27.3208462263208,23974.4622697267,"4",103.894719781545,68.1398492778189,3.87110359934964,3.41782506507186,"b",-9.21662519691087,48.7014346113848,13.7000118615629,-17.0116076469965,-7.96701465518452,44.1270953208328,-49.072306006395,5.20807149050787
"284",20.5029425538222,22.4588504275707,25.6624686666511,9504.6700404941,"1",91.0733816848376,66.2586671787936,90.8553406549885,3.28214045370938,"a",-11.1749039407617,156.17415691307,22.7969127388139,-12.0040379970976,-9.19682384092567,46.9153229535989,-49.4698444773407,8.12607881581563
"285",22.0024635221675,25.8636856223548,28.8937404799954,14130.7017936191,"4",103.372813039153,77.4872603329421,2.32169545662638,3.46010503031699,"a",-5.42992356624968,34.3440616256905,24.622065177136,-17.4459400150752,-6.51647755015911,57.4194265160868,-60.3767222721446,4.86293283013813
"286",44.6362430954195,14.5360703474521,17.2976010249095,2263.6953799613,"4",57.6012965062149,43.7839378213994,3.12276437044664,2.58492249789423,"b",12.1664907483845,125.35132693263,24.3446719140724,-2.12294285585383,21.2635186821208,48.3716206784388,-48.1216816972476,-11.4173392305341
"287",15.9584788886871,16.5751628073391,19.0275903490607,8112.78181993952,"3",68.3515535968195,51.6371856003461,3.6189940801628,2.87206150377941,"c",-5.82729409167005,51.6007802105571,15.0954978738633,-10.9526550468795,-5.30132317579263,53.192856602903,-52.1655219907607,9.25601193186982
"288",29.1676275949651,17.7116308372326,21.4624821938809,10851.1103442561,"3",71.6204689021679,56.2759942250178,1.54877796968619,3.09758172624136,"c",6.61180842877973,65.8579082579544,12.5941654976217,-6.61617643393198,8.61220851241057,53.9990345489702,-56.4895875899014,-2.60087280447513
"289",34.2417339536297,17.0555780762379,19.7047500194377,7698.66903972482,"2",67.218301068267,48.6871887616309,51.0459189221975,2.77230970857497,"c",8.00827516540383,43.8231113591652,26.5299686568878,-9.14679163167108,8.10764383255078,50.5402034377148,-48.3949995453534,-6.50710935839277
"290",40.4494328737889,23.5744738520234,26.9937481687517,11650.4207748556,"2",93.0734568776243,69.9984567328657,69.1670701496457,3.05024262415743,"b",-0.314303252017562,4.9848377500631,25.9125114145819,-14.4792819297917,0.934321121043633,59.272918145221,-61.3088187755302,-1.21159589645394
"291",27.7656825393803,19.2096232873664,21.863653966812,10107.9076555813,"3",75.97434458771,57.3696747390945,2.86661463006377,2.87616576193922,"c",12.1593196357541,130.047227409455,25.5614668078952,-6.91659941189676,8.90149866038625,44.6172054451489,-44.2358202631144,-13.1636130424835
"292",51.568429690012,14.9548228069289,18.6003250977872,7668.52222330561,"2",63.4879903453176,49.3284804346743,48.9971318268748,2.53149213434501,"b",16.431810094199,194.974218991503,18.6054241769131,-6.28044103067441,11.7659514763893,41.0878700990179,-42.7260734496302,-11.5700789704899
"293",26.407768725737,17.8037185530317,22.1369172586683,3465.42229099891,"4",74.7125414481387,52.0262244627535,3.51771681214292,2.85886085144347,"b",-5.22493796574549,40.2403020896758,12.3004422807117,-5.53578454098274,-6.1332466154296,54.2430600271883,-55.590184298298,3.95215841866206
"294",32.0167188088432,15.4848521306774,17.6954129810738,2979.46958113962,"3",63.0458126413725,45.0055750008776,3.40619147779634,2.8451655630771,"c",10.4373993193,155.050019708744,19.4759778362662,-5.86726311674104,11.8333374024324,55.7429287844864,-59.1539295283334,-10.4091808367827
"295",25.186713443618,19.6637979104023,22.8495920304352,6323.80186571209,"3",78.5073639116868,52.0881383307336,3.22468444002108,3.09893002133626,"b",-11.5710402265316,157.800377065699,10.6978174689828,-10.1614095636447,-14.0635213329095,41.9182953842961,-42.8945670237565,11.53371750748
"296",40.1644452596756,17.0830194290792,20.2175701884153,10197.7520760006,"4",63.6887875902859,53.6891081282758,3.14951982012358,3.014591739751,"c",9.47565107865015,111.30418570008,13.6090587838353,-10.9904134462132,5.83016743353543,52.398669079913,-52.2785910906244,-5.53698347739295
"297",42.7898936013777,19.9167364843823,21.3743969542757,4287.95556358353,"3",75.8564158343883,60.8549193396307,2.82430217519344,3.07325520554003,"c",19.4937894930325,454.847121833272,39.9769371911713,-12.6883238871428,18.9951362114061,43.3261641360673,-46.3502673994426,-17.5169941449926
"298",44.1539442341355,22.5432717771636,23.7887993422631,12561.8669885944,"1",93.616054044458,66.4005336179585,94.1763023495411,3.55294882412506,"c",7.73670731730685,100.225850894933,27.2820884382268,-11.3560238869989,12.9107929166605,54.7602204764995,-56.5199987024146,-1.4924121214231
"299",13.8031546363842,17.9381765202273,20.7431273587814,8625.83253890144,"3",71.7491329960603,52.7031970077633,2.00966931268495,3.146255822012,"a",5.72856961289943,26.5898944354253,27.5364988860329,-10.0405138668457,6.04150752404002,59.1668018759159,-55.122127233293,-6.63258632104161
"300",18.5208495202248,16.155286077014,21.534803926459,13438.5492772137,"4",65.3477803431043,52.3346487152962,2.47253141138411,3.00902722637926,"b",11.9140187394304,185.711395153742,24.8822994974102,-8.95533304368474,11.8341835196343,46.8464384691871,-46.1937647817343,-9.46242208802473
